{
  "eval_loss": 0.004529152065515518,
  "eval_model_preparation_time": 0.003,
  "eval_runtime": 9330.9385,
  "eval_samples_per_second": 0.793,
  "eval_steps_per_second": 0.198,
  "eval_num_tokens": 0.0,
  "eval_completions/mean_length": 93.13040248514316,
  "eval_completions/min_length": 69.81604538087521,
  "eval_completions/max_length": 131.71745002701243,
  "eval_completions/clipped_ratio": 0.0006077795786061589,
  "eval_completions/mean_terminated_length": 92.50006753930782,
  "eval_completions/min_terminated_length": 69.81604538087521,
  "eval_completions/max_terminated_length": 129.2336574824419,
  "eval_tools/call_frequency": 1.1524176121015668,
  "eval_tools/failure_frequency": 0.08557654558396674,
  "eval_rewards/format_reward/mean": 0.09887898580620477,
  "eval_rewards/format_reward/std": 0.002219197779555761,
  "eval_rewards/outcome_reward/mean": 0.4491173530486526,
  "eval_rewards/outcome_reward/std": 0.41211880370169507,
  "eval_reward": 0.5479963494626768,
  "eval_reward_std": 0.4137500092434495,
  "eval_frac_reward_zero_std": 0.7948406266882766,
  "eval_exact_match": 0.23554835224203133,
  "eval_f1": 0.3313431749321613,
  "eval_format_compliance_rate": 0.9943949216639654,
  "eval_entropy": 0.1402194193639324,
  "eval_clip_ratio/low_mean": 0.0,
  "eval_clip_ratio/low_min": 0.0,
  "eval_clip_ratio/high_mean": 0.0,
  "eval_clip_ratio/high_max": 0.0,
  "eval_clip_ratio/region_mean": 0.0,
  "epoch": 0
}
