{
  "eval_loss": 0.008642350323498249,
  "eval_model_preparation_time": 0.003,
  "eval_runtime": 36921.9249,
  "eval_samples_per_second": 0.201,
  "eval_steps_per_second": 0.05,
  "eval_num_tokens": 0.0,
  "eval_completions/mean_length": 386.20461912479743,
  "eval_completions/min_length": 247.50297136682875,
  "eval_completions/max_length": 577.788492706645,
  "eval_completions/clipped_ratio": 0.009792004321988115,
  "eval_completions/mean_terminated_length": 377.569850062242,
  "eval_completions/min_terminated_length": 247.53997839005942,
  "eval_completions/max_terminated_length": 550.4508373851972,
  "eval_tools/call_frequency": 1.0437601296596435,
  "eval_tools/failure_frequency": 0.00011737542433200303,
  "eval_rewards/format_reward/mean": 0.09724473402604485,
  "eval_rewards/format_reward/std": 0.005236531868939269,
  "eval_rewards/outcome_reward/mean": 0.46415036035548674,
  "eval_rewards/outcome_reward/std": 0.43293717951447913,
  "eval_reward": 0.5613951051737539,
  "eval_reward_std": 0.4366760656558609,
  "eval_frac_reward_zero_std": 0.7470286331712588,
  "eval_exact_match": 0.24182874122096165,
  "eval_f1": 0.34323598751707707,
  "eval_format_compliance_rate": 0.986223662884927,
  "eval_entropy": 0.18302456545932816,
  "eval_clip_ratio/low_mean": 0.0,
  "eval_clip_ratio/low_min": 0.0,
  "eval_clip_ratio/high_mean": 0.0,
  "eval_clip_ratio/high_max": 0.0,
  "eval_clip_ratio/region_mean": 0.0,
  "epoch": 0
}
