{
  "eval_loss": 0.0009686767589300871,
  "eval_model_preparation_time": 0.0022,
  "eval_runtime": 1480.5557,
  "eval_samples_per_second": 5.001,
  "eval_steps_per_second": 1.25,
  "eval_num_tokens": 0.0,
  "eval_completions/mean_length": 12.314154511075095,
  "eval_completions/min_length": 9.209886547811994,
  "eval_completions/max_length": 17.54619124797407,
  "eval_completions/clipped_ratio": 6.75310642895732e-05,
  "eval_completions/mean_terminated_length": 12.17699891950297,
  "eval_completions/min_terminated_length": 9.209886547811994,
  "eval_completions/max_terminated_length": 16.99891950297137,
  "eval_tools/call_frequency": 0.0,
  "eval_tools/failure_frequency": 0.0,
  "eval_rewards/format_reward/mean": 0.0996083213114001,
  "eval_rewards/format_reward/std": 0.0007376931808981491,
  "eval_rewards/outcome_reward/mean": 0.1964028181368812,
  "eval_rewards/outcome_reward/std": 0.2112584160122596,
  "eval_reward": 0.2960111444784798,
  "eval_reward_std": 0.21191503984178403,
  "eval_frac_reward_zero_std": 0.8494057266342517,
  "eval_exact_match": 0.09008643976229065,
  "eval_f1": 0.151359597630829,
  "eval_format_compliance_rate": 0.9980415991356024,
  "eval_entropy": 0.6588354151710936,
  "eval_clip_ratio/low_mean": 0.0,
  "eval_clip_ratio/low_min": 0.0,
  "eval_clip_ratio/high_mean": 0.0,
  "eval_clip_ratio/high_max": 0.0,
  "eval_clip_ratio/region_mean": 0.0,
  "epoch": 0
}
