{
  "eval_loss": 0.0003100502653978765,
  "eval_model_preparation_time": 0.0023,
  "eval_runtime": 12303.5792,
  "eval_samples_per_second": 0.602,
  "eval_steps_per_second": 0.15,
  "eval_num_tokens": 0.0,
  "eval_completions/mean_length": 149.97109670448407,
  "eval_completions/min_length": 125.64235548352242,
  "eval_completions/max_length": 178.60345759049162,
  "eval_completions/clipped_ratio": 0.0002701242571582928,
  "eval_completions/mean_terminated_length": 149.7152440149935,
  "eval_completions/min_terminated_length": 125.65018908698,
  "eval_completions/max_terminated_length": 177.57698541329012,
  "eval_tools/call_frequency": 1.9968935710426796,
  "eval_tools/failure_frequency": 0.001110510835207713,
  "eval_rewards/format_reward/mean": 0.09924365355880244,
  "eval_rewards/format_reward/std": 0.001444195097826546,
  "eval_rewards/outcome_reward/mean": 0.3925579736350876,
  "eval_rewards/outcome_reward/std": 0.3897126740119397,
  "eval_reward": 0.4918016372243499,
  "eval_reward_std": 0.3907630909098436,
  "eval_frac_reward_zero_std": 0.782279848730416,
  "eval_exact_match": 0.2005672609400324,
  "eval_f1": 0.2922743413789044,
  "eval_format_compliance_rate": 0.9962182603997839,
  "eval_entropy": 0.3624041339906807,
  "eval_clip_ratio/low_mean": 0.0,
  "eval_clip_ratio/low_min": 0.0,
  "eval_clip_ratio/high_mean": 0.0,
  "eval_clip_ratio/high_max": 0.0,
  "eval_clip_ratio/region_mean": 0.0,
  "epoch": 0
}
