{
  "eval_loss": 0.0021825674921274185,
  "eval_model_preparation_time": 0.0023,
  "eval_runtime": 2136.3124,
  "eval_samples_per_second": 3.466,
  "eval_steps_per_second": 0.866,
  "eval_num_tokens": 0.0,
  "eval_completions/mean_length": 20.865140464613724,
  "eval_completions/min_length": 15.057266342517558,
  "eval_completions/max_length": 29.66261480280929,
  "eval_completions/clipped_ratio": 0.0004051863857374392,
  "eval_completions/mean_terminated_length": 20.045966144769917,
  "eval_completions/min_terminated_length": 15.057266342517558,
  "eval_completions/max_terminated_length": 26.939492166396544,
  "eval_tools/call_frequency": 0.0,
  "eval_tools/failure_frequency": 0.0,
  "eval_rewards/format_reward/mean": 0.09987844557258356,
  "eval_rewards/format_reward/std": 0.00022027824679817269,
  "eval_rewards/outcome_reward/mean": 0.10265881571061365,
  "eval_rewards/outcome_reward/std": 0.11825576216321557,
  "eval_reward": 0.20253726363439678,
  "eval_reward_std": 0.11847149876139047,
  "eval_frac_reward_zero_std": 0.7944354403025392,
  "eval_exact_match": 0.02377093462992977,
  "eval_f1": 0.09077334790558492,
  "eval_format_compliance_rate": 0.9993922204213939,
  "eval_entropy": 0.5622688971544394,
  "eval_clip_ratio/low_mean": 0.0,
  "eval_clip_ratio/low_min": 0.0,
  "eval_clip_ratio/high_mean": 0.0,
  "eval_clip_ratio/high_max": 0.0,
  "eval_clip_ratio/region_mean": 0.0,
  "epoch": 0
}
