{
  "eval_loss": 0.001145057613030076,
  "eval_model_preparation_time": 0.0021,
  "eval_runtime": 14319.875,
  "eval_samples_per_second": 0.517,
  "eval_steps_per_second": 0.129,
  "eval_num_tokens": 0.0,
  "eval_completions/mean_length": 153.4613047001621,
  "eval_completions/min_length": 126.0064829821718,
  "eval_completions/max_length": 189.27309562398705,
  "eval_completions/clipped_ratio": 0.000675310642895732,
  "eval_completions/mean_terminated_length": 153.4188726951727,
  "eval_completions/min_terminated_length": 126.00756347920043,
  "eval_completions/max_terminated_length": 189.1807131280389,
  "eval_tools/call_frequency": 2.0529443544030253,
  "eval_tools/failure_frequency": 0.00016507593515368812,
  "eval_rewards/format_reward/mean": 0.09943274054163086,
  "eval_rewards/format_reward/std": 0.0010431875439027656,
  "eval_rewards/outcome_reward/mean": 0.5821525138943204,
  "eval_rewards/outcome_reward/std": 0.4741185122551442,
  "eval_rewards/turn_reward/mean": 0.21211507849028985,
  "eval_rewards/turn_reward/std": 0.10442541190083449,
  "eval_reward": 0.8937003164899826,
  "eval_reward_std": 0.5399050430637728,
  "eval_frac_reward_zero_std": 0.6853052404105888,
  "eval_exact_match": 0.31989465153970825,
  "eval_f1": 0.4222051852182971,
  "eval_format_compliance_rate": 0.997163695299838,
  "eval_retrieval_fraction": 0.5302876823338736,
  "eval_entropy": 0.1936178983881997,
  "eval_clip_ratio/low_mean": 0.0,
  "eval_clip_ratio/low_min": 0.0,
  "eval_clip_ratio/high_mean": 0.0,
  "eval_clip_ratio/high_max": 0.0,
  "eval_clip_ratio/region_mean": 0.0,
  "epoch": 0
}
