{
  "eval_loss": 0.01039492804557085,
  "eval_model_preparation_time": 0.0033,
  "eval_runtime": 23705.1469,
  "eval_samples_per_second": 0.312,
  "eval_steps_per_second": 0.078,
  "eval_num_tokens": 0.0,
  "eval_completions/mean_length": 211.18361696380336,
  "eval_completions/min_length": 147.3511615343058,
  "eval_completions/max_length": 290.6080497028633,
  "eval_completions/clipped_ratio": 0.00992706645056726,
  "eval_completions/mean_terminated_length": 209.8463895479323,
  "eval_completions/min_terminated_length": 147.4294975688817,
  "eval_completions/max_terminated_length": 287.2066450567261,
  "eval_tools/call_frequency": 2.268165856293895,
  "eval_tools/failure_frequency": 0.0015050027758961816,
  "eval_rewards/format_reward/mean": 0.07832252953014363,
  "eval_rewards/format_reward/std": 0.03455773332050077,
  "eval_rewards/outcome_reward/mean": 0.5526212479557937,
  "eval_rewards/outcome_reward/std": 0.47699698682035196,
  "eval_rewards/turn_reward/mean": 0.21114263114902312,
  "eval_rewards/turn_reward/std": 0.10096173455535173,
  "eval_reward": 0.8420863919833556,
  "eval_reward_std": 0.5621218513239523,
  "eval_frac_reward_zero_std": 0.581172339276067,
  "eval_exact_match": 0.3064559697460832,
  "eval_f1": 0.39939326049658347,
  "eval_format_compliance_rate": 0.891612641815235,
  "eval_retrieval_fraction": 0.5278565640194489,
  "eval_entropy": 0.414909082838711,
  "eval_clip_ratio/low_mean": 0.0,
  "eval_clip_ratio/low_min": 0.0,
  "eval_clip_ratio/high_mean": 0.0,
  "eval_clip_ratio/high_max": 0.0,
  "eval_clip_ratio/region_mean": 0.0,
  "epoch": 0
}
