{
  "eval_loss": 0.03266459330916405,
  "eval_model_preparation_time": 0.0029,
  "eval_runtime": 14701.8852,
  "eval_samples_per_second": 0.504,
  "eval_steps_per_second": 0.126,
  "eval_num_tokens": 0.0,
  "eval_completions/mean_length": 111.35892760669908,
  "eval_completions/min_length": 68.55159373311723,
  "eval_completions/max_length": 206.21096704484063,
  "eval_completions/clipped_ratio": 0.01370880605078336,
  "eval_completions/mean_terminated_length": 90.50972465667643,
  "eval_completions/min_terminated_length": 68.55159373311723,
  "eval_completions/max_terminated_length": 126.96353322528363,
  "eval_tools/call_frequency": 1.0026337115072934,
  "eval_tools/failure_frequency": 0.002971366828741221,
  "eval_rewards/format_reward/mean": 0.09485413431457125,
  "eval_rewards/format_reward/std": 0.009857896174017897,
  "eval_rewards/outcome_reward/mean": 0.3976753802443258,
  "eval_rewards/outcome_reward/std": 0.40788518032688004,
  "eval_rewards/turn_reward/mean": 0.15248514633265495,
  "eval_rewards/turn_reward/std": 0.08163096983567371,
  "eval_reward": 0.6450146533335498,
  "eval_reward_std": 0.4593763074194605,
  "eval_frac_reward_zero_std": 0.6345218800648298,
  "eval_exact_match": 0.20684764991896273,
  "eval_f1": 0.2942515532410669,
  "eval_format_compliance_rate": 0.9742706645056726,
  "eval_retrieval_fraction": 0.3812128579146407,
  "eval_entropy": 0.25871634825224865,
  "eval_clip_ratio/low_mean": 0.0,
  "eval_clip_ratio/low_min": 0.0,
  "eval_clip_ratio/high_mean": 0.0,
  "eval_clip_ratio/high_max": 0.0,
  "eval_clip_ratio/region_mean": 0.0,
  "epoch": 0
}
