{
  "eval_loss": -0.00212148018181324,
  "eval_model_preparation_time": 0.0027,
  "eval_runtime": 20675.5906,
  "eval_samples_per_second": 0.358,
  "eval_steps_per_second": 0.09,
  "eval_num_tokens": 0.0,
  "eval_completions/mean_length": 249.03032144786602,
  "eval_completions/min_length": 193.66045380875204,
  "eval_completions/max_length": 317.0224203133441,
  "eval_completions/clipped_ratio": 0.0007428417071853053,
  "eval_completions/mean_terminated_length": 248.9014046749896,
  "eval_completions/min_terminated_length": 193.66045380875204,
  "eval_completions/max_terminated_length": 316.68611561318204,
  "eval_tools/call_frequency": 1.2350081037277147,
  "eval_tools/failure_frequency": 0.0,
  "eval_rewards/format_reward/mean": 0.09933819705021665,
  "eval_rewards/format_reward/std": 0.0013007752915320044,
  "eval_rewards/outcome_reward/mean": 0.47501493790722793,
  "eval_rewards/outcome_reward/std": 0.4400982703809309,
  "eval_rewards/turn_reward/mean": 0.17602647618183828,
  "eval_rewards/turn_reward/std": 0.09207047343551951,
  "eval_reward": 0.750379599431587,
  "eval_reward_std": 0.49772088204800824,
  "eval_frac_reward_zero_std": 0.6839546191247974,
  "eval_exact_match": 0.2537817396002161,
  "eval_f1": 0.34812406582283867,
  "eval_format_compliance_rate": 0.9966909778498109,
  "eval_retrieval_fraction": 0.4400661804430038,
  "eval_entropy": 0.36403131538117534,
  "eval_clip_ratio/low_mean": 0.0,
  "eval_clip_ratio/low_min": 0.0,
  "eval_clip_ratio/high_mean": 0.0,
  "eval_clip_ratio/high_max": 0.0,
  "eval_clip_ratio/region_mean": 0.0,
  "epoch": 0
}
