{
  "eval_loss": 0.010720784775912762,
  "eval_model_preparation_time": 0.0052,
  "eval_runtime": 10916.7911,
  "eval_samples_per_second": 0.678,
  "eval_steps_per_second": 0.17,
  "eval_num_tokens": 0.0,
  "eval_completions/mean_length": 107.7311588330632,
  "eval_completions/min_length": 79.89465153970826,
  "eval_completions/max_length": 156.78606158833063,
  "eval_completions/clipped_ratio": 0.0032414910858995136,
  "eval_completions/mean_terminated_length": 103.78014140074991,
  "eval_completions/min_terminated_length": 79.89465153970826,
  "eval_completions/max_terminated_length": 141.55888708806052,
  "eval_tools/call_frequency": 1.0278903295515938,
  "eval_tools/failure_frequency": 0.0016252476418102063,
  "eval_rewards/format_reward/mean": 0.09558346981976658,
  "eval_rewards/format_reward/std": 0.00853622669322886,
  "eval_rewards/outcome_reward/mean": 0.4247046609815192,
  "eval_rewards/outcome_reward/std": 0.41843117280450143,
  "eval_rewards/turn_reward/mean": 0.15802269370704164,
  "eval_rewards/turn_reward/std": 0.07951979402317864,
  "eval_reward": 0.6783108161696948,
  "eval_reward_std": 0.46866291284114364,
  "eval_frac_reward_zero_std": 0.6573473797947056,
  "eval_exact_match": 0.22048892490545652,
  "eval_f1": 0.3144601965624978,
  "eval_format_compliance_rate": 0.9779173419773096,
  "eval_retrieval_fraction": 0.3950567260940032,
  "eval_entropy": 0.28466564227903873,
  "eval_clip_ratio/low_mean": 0.0,
  "eval_clip_ratio/low_min": 0.0,
  "eval_clip_ratio/high_mean": 0.0,
  "eval_clip_ratio/high_max": 0.0,
  "eval_clip_ratio/region_mean": 0.0,
  "epoch": 0
}
